motif_id	motif_alt_id	sequence_name	start	stop	strand	score	p-value	q-value	matched_sequence
MA0243.1	sd	2R	20566	20577	+	11.1188	2.41e-05	0.763	aacattcctcaa
MA0243.1	sd	2R	40533	40544	+	10.8614	3.47e-05	0.763	aacattcttcga
MA0243.1	sd	2R	4856	4867	+	10.7723	3.9e-05	0.763	gtcatttctggc
MA0243.1	sd	2R	689	700	-	10.2277	7.63e-05	0.763	TACATTTCTAGT
MA0243.1	sd	2R	11933	11944	+	10.2079	7.75e-05	0.763	gaaattcaaagg
MA0243.1	sd	2R	23017	23028	-	10.1881	8.03e-05	0.763	TAAATTCCTCGT
MA0243.1	sd	2R	4398	4409	+	10.1287	8.75e-05	0.763	gtcatttgtaag
MA0243.1	sd	2R	1242	1253	+	9.89109	0.000114	0.763	GACACTCCTCGT
MA0243.1	sd	2R	25387	25398	+	9.83168	0.000124	0.763	gacatgcgtcga
MA0243.1	sd	2R	24875	24886	+	9.81188	0.000126	0.763	gaaattcgtgaa
MA0243.1	sd	2R	40715	40726	-	9.75248	0.000134	0.763	GACATTTTAAAA
MA0243.1	sd	2R	10554	10565	+	9.69307	0.000142	0.763	aacatttgtcaa
MA0243.1	sd	2R	36561	36572	+	9.67327	0.000146	0.763	aacattcgtgag
MA0243.1	sd	2R	13562	13573	+	9.57426	0.000165	0.763	gaaatacctgga
MA0243.1	sd	2R	7048	7059	-	9.52475	0.000172	0.763	GTAATTCTTCAA
MA0243.1	sd	2R	17392	17403	-	9.50495	0.000174	0.763	GTAATTCGAAGG
MA0243.1	sd	2R	9098	9109	+	9.47525	0.000178	0.763	tccattcctcgg
MA0243.1	sd	2R	25743	25754	+	9.29703	0.00022	0.763	aaaattcctaaa
MA0243.1	sd	2R	32734	32745	-	9.21782	0.000232	0.763	AACATTTGGCGG
MA0243.1	sd	2R	1526	1537	-	9.16832	0.000245	0.763	ATCATTCGTGGA
MA0243.1	sd	2R	31391	31402	+	9.16832	0.000245	0.763	ttcattcgtgga
MA0243.1	sd	2R	16565	16576	+	9.10891	0.000263	0.763	aacattcctctg
MA0243.1	sd	2R	15691	15702	+	9.0396	0.000284	0.763	gacatttagaaa
MA0243.1	sd	2R	30862	30873	-	8.9604	0.0003	0.763	GACATTTATCCC
MA0243.1	sd	2R	38742	38753	+	8.87129	0.000332	0.763	GAAATATGTAGG
MA0243.1	sd	2R	17789	17800	-	8.80198	0.000352	0.763	GACATTCGTGTA
MA0243.1	sd	2R	1807	1818	-	8.78218	0.000358	0.763	TAGATTCCTCGC
MA0243.1	sd	2R	189	200	-	8.76238	0.000364	0.763	AACATTTTTGGT
MA0243.1	sd	2R	17360	17371	+	8.70297	0.00038	0.763	ggcattccgagc
MA0243.1	sd	2R	1478	1489	-	8.69307	0.000386	0.763	TACATTCTTGAT
MA0243.1	sd	2R	12932	12943	-	8.69307	0.000386	0.763	TACATTCATGAT
MA0243.1	sd	2R	23454	23465	+	8.69307	0.000386	0.763	GAGATTCTTCAC
MA0243.1	sd	2R	35015	35026	-	8.63366	0.00041	0.763	GTCATTTGAAAT
MA0243.1	sd	2R	40437	40448	-	8.62376	0.000415	0.763	AAAATTTTTAGG
MA0243.1	sd	2R	9025	9036	+	8.60396	0.000423	0.763	tacatttaacaa
MA0243.1	sd	2R	9926	9937	+	8.59406	0.000428	0.763	gaaatatgtaga
MA0243.1	sd	2R	40692	40703	+	8.52475	0.000451	0.763	gaaatttagaga
MA0243.1	sd	2R	7865	7876	+	8.50495	0.000457	0.763	ttcatttgtagt
MA0243.1	sd	2R	15250	15261	+	8.47525	0.000465	0.763	aacatttaacac
MA0243.1	sd	2R	39010	39021	-	8.47525	0.000465	0.763	ATCATTTCTAAT
MA0243.1	sd	2R	20666	20677	-	8.46535	0.000472	0.763	TAAATTCTTGGC
MA0243.1	sd	2R	5005	5016	-	8.45545	0.000476	0.763	GAAATACCAAAA
MA0243.1	sd	2R	37139	37150	+	8.45545	0.000476	0.763	TACATATGTAGG
MA0243.1	sd	2R	7883	7894	+	8.44554	0.000477	0.763	tacatttataat
MA0243.1	sd	2R	35548	35559	+	8.44554	0.000477	0.763	GTAATTTGTAAC
MA0243.1	sd	2R	7917	7928	-	8.34653	0.00053	0.763	AAAATTTCACAA
MA0243.1	sd	2R	18770	18781	+	8.33663	0.000535	0.763	aacattttaaag
MA0243.1	sd	2R	25425	25436	+	8.33663	0.000535	0.763	aacatatctggc
MA0243.1	sd	2R	28741	28752	-	8.33663	0.000535	0.763	AACATTCTAAAT
MA0243.1	sd	2R	29544	29555	+	8.32673	0.000541	0.763	ttcattcgaaag
MA0243.1	sd	2R	40821	40832	+	8.30693	0.00055	0.763	ttcattcaacaa
MA0243.1	sd	2R	9683	9694	-	8.24752	0.00057	0.763	GTAATTTAAAGA
MA0243.1	sd	2R	27351	27362	-	8.23762	0.000575	0.763	GTCATTTTGGGC
MA0243.1	sd	2R	14001	14012	+	8.20792	0.000586	0.763	gtcatatgacgt
MA0243.1	sd	2R	6068	6079	-	8.17822	0.000605	0.763	GTCATATTTAGT
MA0243.1	sd	2R	18212	18223	-	8.17822	0.000605	0.763	GCCATTCGACAT
MA0243.1	sd	2R	4491	4502	-	8.16832	0.00061	0.763	AACATACCACAT
MA0243.1	sd	2R	13999	14010	-	8.13861	0.000626	0.763	GTCATATGACAG
MA0243.1	sd	2R	4111	4122	-	8.09901	0.00065	0.763	GAAATTTGTCTG
MA0243.1	sd	2R	12627	12638	-	8.07921	0.000661	0.763	GGAATTCGACGA
MA0243.1	sd	2R	33607	33618	+	8.07921	0.000661	0.763	GAAATTCGTGCG
MA0243.1	sd	2R	28870	28881	-	8.05941	0.000672	0.763	GAAATTTAAAAT
MA0243.1	sd	2R	11543	11554	+	8.0396	0.000683	0.763	aaaattcgaaag
MA0243.1	sd	2R	39172	39183	-	8.0396	0.000683	0.763	TACATTCTGAAA
MA0243.1	sd	2R	1060	1071	-	8.0099	0.000697	0.763	GAAACTCTTCGA
MA0243.1	sd	2R	23435	23446	+	8.0099	0.000697	0.763	GACATATGGCAC
MA0243.1	sd	2R	38153	38164	+	8.0099	0.000697	0.763	AACATACATGGC
MA0243.1	sd	2R	28379	28390	+	8	0.000701	0.763	aacatttttgat
MA0243.1	sd	2R	35351	35362	+	8	0.000701	0.763	AAAATTTTTCAC
MA0243.1	sd	2R	7836	7847	+	7.9505	0.000726	0.763	tacatttcgaat
MA0243.1	sd	2R	1611	1622	-	7.92079	0.000745	0.763	ACAATTCCTCGA
MA0243.1	sd	2R	6680	6691	+	7.92079	0.000745	0.763	gcaattcatagc
MA0243.1	sd	2R	17828	17839	+	7.91089	0.000751	0.763	gacatatcgaat
MA0243.1	sd	2R	11007	11018	+	7.90099	0.000758	0.763	taaatttttgga
MA0243.1	sd	2R	33231	33242	-	7.89109	0.000768	0.763	AACATTTAAGAG
MA0243.1	sd	2R	7793	7804	+	7.88119	0.000776	0.763	ggaattcttggg
MA0243.1	sd	2R	34555	34566	-	7.85149	0.000795	0.763	GTCATGCCTAAT
MA0243.1	sd	2R	32409	32420	-	7.83168	0.000808	0.763	AACATTCGTACA
MA0243.1	sd	2R	4169	4180	+	7.82178	0.000814	0.763	aaaattttaagg
MA0243.1	sd	2R	2058	2069	-	7.80198	0.000823	0.763	GATATTTCAAAG
MA0243.1	sd	2R	17013	17024	+	7.79208	0.00083	0.763	gccatttcgcac
MA0243.1	sd	2R	25142	25153	+	7.76238	0.000847	0.763	atcattcaaaaa
MA0243.1	sd	2R	1413	1424	+	7.75248	0.000852	0.763	GAAATGCGACGA
MA0243.1	sd	2R	32848	32859	-	7.75248	0.000852	0.763	GAAATACAAGGA
MA0243.1	sd	2R	8860	8871	+	7.74257	0.000857	0.763	ttaatttctcat
MA0243.1	sd	2R	4755	4766	+	7.73267	0.000861	0.763	aagattcctcat
MA0243.1	sd	2R	36085	36096	-	7.72277	0.000869	0.763	TACATACTTGGT
MA0243.1	sd	2R	21742	21753	-	7.71287	0.000872	0.763	GTAATTTGTGAT
MA0243.1	sd	2R	14718	14729	+	7.70297	0.000883	0.763	ataatttgtcag
MA0243.1	sd	2R	20	31	+	7.67327	0.000901	0.763	TACATATATCAA
MA0243.1	sd	2R	29597	29608	-	7.67327	0.000901	0.763	TAAATTTTACGT
MA0243.1	sd	2R	39312	39323	+	7.67327	0.000901	0.763	aacatatttcaa
MA0243.1	sd	2R	39515	39526	+	7.66337	0.000912	0.763	aacattcccaat
MA0243.1	sd	2R	3716	3727	-	7.63366	0.000939	0.763	TTAATTTATAGG
MA0243.1	sd	2R	3847	3858	+	7.63366	0.000939	0.763	TCCATTCTTAGA
MA0243.1	sd	2R	8407	8418	+	7.62376	0.000946	0.763	tagattcatagg
MA0243.1	sd	2R	26905	26916	-	7.61386	0.000955	0.763	GACACACCTAGT
MA0243.1	sd	2R	27542	27553	+	7.61386	0.000955	0.763	aaaatttgacaa
MA0243.1	sd	2R	19315	19326	-	7.58416	0.00098	0.765	GACATTCAAGTC
MA0243.1	sd	2R	39413	39424	+	7.58416	0.00098	0.765	aaaatacttagg
MA0243.1	sd	2R	23341	23352	+	7.57426	0.000987	0.765	GCAATTTCAAGA

# FIMO (Find Individual Motif Occurrences): Version 5.5.9 compiled on Nov 24 2025 at 04:02:49
# The format of this file is described at https://meme-suite.org/meme/doc/fimo-output-format.html#tsv_results.
# fimo --oc fimo_results/sd --thresh 1e-3 sd.meme longest_src42.fasta
